"Description: ","Number of days when precipitation >= 30"
"Station: ","sydney"
"Latitude: ","0"
"Longitude: ","0"
"Base period: ","1971 - 2000"
"ClimPACT_version: ","2.0.0"
"Date_of_calculation: ","2017-11-08"
time, r30mm, normalised (all years)
1936, 4, -1.40311309582072
1937, 10, 0.0421536123207945
1938, 8, -0.439601957059712
1939, 5, -1.16223531113047
1940, 10, 0.0421536123207945
1941, 4, -1.40311309582072
1942, 10, 0.0421536123207945
1943, 10, 0.0421536123207945
1944, 7, -0.680479741749965
1945, 10, 0.0421536123207945
1946, 9, -0.198724172369459
1947, 5, -1.16223531113047
1948, 9, -0.198724172369459
1949, 15, 1.24654253577206
1950, 19, 2.21005367453307
1951, 12, 0.523909181701301
1952, 13, 0.764786966391554
1953, 9, -0.198724172369459
1954, 5, -1.16223531113047
1955, 24, 3.41444259798434
1956, 13, 0.764786966391554
1957, 6, -0.921357526440218
1958, 11, 0.283031397011048
1959, 12, 0.523909181701301
1960, 10, 0.0421536123207945
1961, 11, 0.283031397011048
1962, 8, -0.439601957059712
1963, 20, 2.45093145922333
1964, 13, 0.764786966391554
1965, 7, -0.680479741749965
1966, 8, -0.439601957059712
1967, 13, 0.764786966391554
1968, 6, -0.921357526440218
1969, 11, 0.283031397011048
1970, 4, -1.40311309582072
1971, 10, 0.0421536123207945
1972, 11, 0.283031397011048
1973, 11, 0.283031397011048
1974, 16, 1.48742032046231
1975, 11, 0.283031397011048
1976, 16, 1.48742032046231
1977, 5, -1.16223531113047
1978, 13, 0.764786966391554
1979, 6, -0.921357526440218
1980, 5, -1.16223531113047
1981, 10, 0.0421536123207945
1982, 4, -1.40311309582072
1983, 9, -0.198724172369459
1984, 17, 1.72829810515257
1985, 10, 0.0421536123207945
1986, 10, 0.0421536123207945
1987, 10, 0.0421536123207945
1988, 16, 1.48742032046231
1989, 15, 1.24654253577206
1990, 15, 1.24654253577206
1991, 9, -0.198724172369459
1992, 7, -0.680479741749965
1993, 5, -1.16223531113047
1994, 7, -0.680479741749965
1995, 10, 0.0421536123207945
1996, 11, 0.283031397011048
1997, 9, -0.198724172369459
1998, 13, 0.764786966391554
1999, 13, 0.764786966391554
2000, 5, -1.16223531113047
2001, 10, 0.0421536123207945
2002, 5, -1.16223531113047
2003, 11, 0.283031397011048
2004, 9, -0.198724172369459
2005, 4, -1.40311309582072
2006, 6, -0.921357526440218
2007, 14, 1.00566475108181
2008, 5, -1.16223531113047
2009, 6, -0.921357526440218
2010, 9, -0.198724172369459
2011, 11, 0.283031397011048
2012, 8, -0.439601957059712
2013, 17, 1.72829810515257
2014, 2, -1.88486866520123
2015, 9, -0.198724172369459
